{"cameraMode":{"drawMode":0,"name":"Shaded","section":"Shading Mode"},"sceneLighting":false,"audioPlay":false,"sceneViewState":{"m_AlwaysRefresh":false,"showFog":true,"showSkybox":false,"showFlares":true,"showImageEffects":true,"showParticleSystems":true,"showVisualEffectGraphs":true,"m_FxEnabled":true},"in2DMode":false,"pivot":{"x":-6.385724067687988,"y":23.628896713256837,"z":1.4734137058258057},"rotation":{"x":-0.5105801820755005,"y":-0.0008056958322413266,"z":0.00038710766239091754,"w":-0.8599334955215454},"size":13.856406211853028,"orthographic":false}