{"cameraMode":{"drawMode":0,"name":"Shaded","section":"Shading Mode"},"sceneLighting":false,"audioPlay":false,"sceneViewState":{"m_AlwaysRefresh":false,"showFog":true,"showSkybox":false,"showFlares":true,"showImageEffects":true,"showParticleSystems":true,"showVisualEffectGraphs":true,"m_FxEnabled":true},"in2DMode":false,"pivot":{"x":-4.845263481140137,"y":24.448577880859376,"z":1.9222359657287598},"rotation":{"x":0.0059872763231396679,"y":0.9938698410987854,"z":-0.06749624758958817,"w":0.08850445598363877},"size":5.191266059875488,"orthographic":false}